Polytechnic,Year,School,Course_name,Course_code,Course_description,reference,elr2b2_type,elr2b2,planned_intake
NP,2020,School of Business & Accountancy,Diploma in Accountancy,N51,"You get to study modules on financial, cost & managerial accounting, auditing, taxation; learn accounting software and get hands-on learning experience through a six-month internship programme.",https://www.np.edu.sg/ba/Pages/acc.aspx,ELR2B2-B,3 to 10,140
NP,2020,School of Business & Accountancy,Diploma in Banking & Finance,N53,"The course equips students with foundation modules like Financial Markets and Services, Corporate Finance, Credit Management, Finance of International Trade,  Financial Planning, Consumer Banking, Investments, Treasury, Marketing of Financial Services, Risk Management, Settlements and Operations Management and Wealth Management, Business Law and Financial Analytics.",https://www.np.edu.sg/ba/Pages/bf.aspx,ELR2B2-B,4 to 10,75
NP,2020,School of Business & Accountancy,Diploma in Business Studies,N45,"The course enables students to acquire foundational skills in key functional areas of business management in the first three semesters of study.  From the fourth semester, students can choose to specialize in Entrepreneurship, Human Capital Management or Marketing.  During their specialization, students will have opportunity to manage industry-based projects and embark on a 6-month local or overseas internship programme for authentic workplace learning.",https://www.np.edu.sg/ba/Pages/bs.aspx,ELR2B2-B,3 to 9,150
NP,2020,School of Business & Accountancy,Common Business Programme,N97,"CBP lays a strong foundation in these key business domains: accounting and finance,  business communications, business  statistics, business law, macroeconomics and microeconomics, information design in business, decision support applications, management and organisation and international and business environment.",https://www.np.edu.sg/ba/Pages/cbp.aspx,ELR2B2-B,6 to 11,225
NP,2020,School of Business & Accountancy,Diploma in International Trade & Business,N85,"The Diploma in International Trade & Business (N85) provides foundational business in the first year, including economics and international business environment.  The second year will see a scaffolding of more detailed coverage in international trade and supply chain management; and in the application of disruptive technologies in these areas. The third year further strengthens and enhances the students knowledge and culminates in an industry-relevant capstone project and a six-month internship.",https://www.np.edu.sg/ba/Pages/itb.aspx,ELR2B2-B,6 to 11,75
NP,2020,School of Business & Accountancy,Diploma in Tourism & Resort Management,N72,"As a TRM student, you will get acquainted with skills and knowledge which are in demand in the tourism industry, such as tourism analytics, digital marketing and service experience management. The course also provides a strong business foundation with a global and entrepreneurial focus. To complete your learning journey in TRM, students work on mini-consultancy projects with industry partners, for an authentic understanding of the tourism industry.",https://www.np.edu.sg/ba/Pages/trm.aspx,ELR2B2-B,4 to 12,75
NP,2020,School of Design & Environment,Diploma in Design,N12,You will be exposed to the broadest design diploma in the polytechnics. Having a choice to specialize in either Architecture or Product Innovation means you can develop innovative and critical design solutions for buildings and spaces OR products and experiences.,https://www.np.edu.sg/de/Pages/des.aspx,ELR2B2-D,8 to 15,75
NP,2020,School of Design & Environment,Diploma in Hotel & Leisure Facilities Management,N40,"You will learn to operate and manage modern facilities such as 'green' hotels, commercial complexes and shopping malls that use green building technology, building automation and performance simulation. You will also learn hospitality skills to support the front office and back-of-the-house operations. Supported by site visits and experiential learning activities, you will take learning out of the classroom and into the real world. These activities also develop your skills in management and service delivery. After getting a good foundation, you can go on a six-month internship or dual internship during your final year. HLFM graduates will also be awarded a Fire Safety Manager Certificate that allows them to be registered as Qualified Fire Safety Managers which usually command an additional allowance as well as bizSAFE certification.",https://www.np.edu.sg/de/Pages/hlfm.aspx,ELR2B2-C,6 to 13,100
NP,2020,School of Design & Environment,Diploma in Real Estate Business,N48,"This course will equip you with the necessary skillsets to help property owners, investors and tenants to maximise the use of their properties to achieve the highest possible financial returns. You will also be trained on how to give a value to the property, determine which marketing strategies to employ and establish efficient management to preserve the capital value of residential, commercial and industrial properties.",https://www.np.edu.sg/de/Pages/reb.aspx,ELR2B2-C,10 to 14,75
NP,2020,School of Engineering,Diploma in Aerospace Engineering,N65,The course is aligned to Civil Aviation Authority of Singapore (CAAS) Singapore Airworthiness Requirements Part 66 (SAR-66) and mapped to Singapore Skills Framework (SFw) for Aerospace.,https://www.np.edu.sg/soe/Pages/aeg.aspx,ELR2B2-C,6 to 11,100
NP,2020,School of Engineering,Diploma in Automation & Mechatronic Systems,N50,"The course has a broad-based curriculum that combines mechanics, electronics and programming to design and create smart products and systems. Students will be exposed to automation Technology, integration and application of industrial robots in industries.",https://www.np.edu.sg/soe/Pages/ams.aspx,ELR2B2-C,8 to 17,50
NP,2020,School of Engineering,Diploma in Biomedical Engineering,N60,"You will learn about the skills and knowledge to bridge the gap between engineering and life sciences. The course not only covers in areas of electrical, electronics and computer engineering but also in foundational life sciences modules such as physiology and cell biology.",https://www.np.edu.sg/soe/Pages/bme.aspx,ELR2B2-C,6 to 10,50
NP,2020,School of Engineering,Common Engineering Programme,N71,"The CEP modules include Mechanical Engineering Fundamentals, Electrical Engineering Fundamentals, Engineering Mathematics 1, Programming, Integrated Real-world Project 1, Career & Professional Preparation I, Innovation Made Possible, Engineering Mathematics 2, Analogue Electronics, AC Circuits, Digital Fundamentals, Integrated Real-world Project 2, Engineering & Society, Sports and Wellness, Communication Essentials, Thermofluids, Electrical & Electronic Technology, Materials & Manufacturing Technology.",https://www.np.edu.sg/soe/Pages/cep.aspx,ELR2B2-C,7 to 19,400
NP,2020,School of Engineering,Diploma in Electrical Engineering,N43,"The course provides broad-based training in the areas of electricity & power systems, energy management and smart systems and specialised training in either the clean energy or power engineering domain. The clean energy management specialisation prepares graduates for the sustainable energy sector with a strong focus on energy management and clean energy technologies while the power engineering specialisation prepares graduates for exciting careers in diverse sectors such as the power & energy, land transport and marine & offshore as well as offers them a head start to practice licensed electrical work.",https://www.np.edu.sg/soe/Pages/ee.aspx,ELR2B2-C,11 to 21,125
NP,2020,School of Engineering,Diploma in Electronic & Computer Engineering,N44,"The course covers important aspects of electronic & computer engineering such as electrical technology, analogue & digital circuit/system design, software programming, communication engineering and basic internetworking.",https://www.np.edu.sg/soe/Pages/ece.aspx,ELR2B2-C,5 to 15,125
NP,2020,School of Engineering,Diploma in Engineering Science,N93,"The Diploma in Engineering Science builds a good foundation in science, technology, engineering and mathematics (STEM). It exposes students to R&D early through R&D Immersion in Year 2 and Final-Year Projects in Year 3. Students have opportunities of being attached to local universities and research institutes in R&D Immersion or Final-Year Projects.",https://www.np.edu.sg/soe/Pages/es.aspx,ELR2B2-C,4 to 11,40
NP,2020,School of Engineering,Diploma in Marine & Offshore Technology,N42,"Training in naval architecture and offshore technology, designing and building your own ship models, and testing them in Singapore's only towing tank located in our campus. Also frequent study trips to gain industry exposure. You can expect in-depth industry training that will equip you with job-relevant skills and knowledge and stand you in good stead when you join the industry upon graduation!",https://www.np.edu.sg/soe/Pages/mot.aspx,ELR2B2-C,11 to 18,50
NP,2020,School of Engineering,Diploma in Mechanical Engineering,N41,"In ME, student will learn the fundamentals of mechanical engineering with a focus on manufacturing, materials and design skills. Subsequently, student will be introduced to core mechanical engineering modules such as Thermodynamics, Fluid Mechanics and Strength of Materials. Student will continue to hone their skills in applied design through modules such as Engineering Design Thinking and Mechanical Design Practice.",https://www.np.edu.sg/soe/Pages/me.aspx,ELR2B2-C,8 to 18,125
NP,2020,School of Film & Media Studies,"Diploma in Film, Sound & Video",N82,"You get to hone the art and craft of filmmaking in areas like scriptwriting (Storytelling Techniques & Scriptwriting modules), sound (Audio Technology & Sound Design modules), production (Photography, Location Filmmaking, Directing, TV Production, Producing, Documentary Production, Cinematography, Intermediate Filmmaking, Advanced TV Production & Advanced Filmmaking modules) and post-production (Editing and Post Production & Motion Graphics modules). You will also build your theoretical foundation by learning from the masters of cinema in our cinema studies classes (Introduction to Film, Film History & Asian Cinema modules). You will get real world exposure through our internship program and capstone project.",https://www.np.edu.sg/fms/Pages/fsv.aspx,ELR2B2-D,4 to 8,50
NP,2020,School of Film & Media Studies,Diploma in Mass Communication,N67,"You will learn about the fundamentals of media writing, digital media, reporting and communications, and pick up skills on radio and video production. Areas of exposure include digital journalism and marketing, content marketing, research and user experience design. You will also be learning the skills of managing a media business, including identifying business opportunities, and understanding applications of data analysis and visualisation. Students will be developing your skills in top-notch purpose-built facilities that include TV and radio studios, and media labs. You will get real world exposure through our internship program and capstone project.",https://www.np.edu.sg/fms/Pages/mcm.aspx,ELR2B2-A,3 to 8,115
NP,2020,School of Film & Media Studies,Diploma in Media Post-Production,N13,"You get to hone the art and craft of post-production by experiencing all areas of the field including color correction and editing, creating cutting-edge motion graphics and computer graphics and doing post-production and mixing for audio. You will also get hands-on experience with working on single and multi-camera productions, doing audio recording and engineering as well as learning the art of visual storytelling. On top of that, you will be exposed to emerging areas such as creating immersive experiences through live show projections, AR/VR, dramatic lighting design as well as sound design and live sound engineering. In the third year, you will get real world exposure through our internship program, media entrepreneurship module and capstone project.",https://www.np.edu.sg/fms/Pages/mpp.aspx,ELR2B2-D,8 to 12,60
NP,2020,School of Health Sciences,Diploma in Nursing,N69,"The nursing course provides comprehensive training and has 41 weeks of clinical attachment throughout the 3-year course to enable students to put theory into practice.  In addition to core nursing modules, students will also learn about pharmacology, behavioural and life sciences and nursing research.",https://www.np.edu.sg/hs/Pages/nsg.aspx,ELR2B2-C,4 to 28,600
NP,2020,School of Health Sciences,Diploma in Optometry,N83,"The optometry student will gain an in depth knowledge of how the human eye functions and acquire the skills to detect abnormal eye conditions. The students will learn how to test the eyesight of patients, as well as fit and prescribe appropriate eye wear such as spectacles and contact lenses.",https://www.np.edu.sg/hs/Pages/opt.aspx,ELR2B2-C,4 to 12,40
NP,2020,School of Humanities & Social Sciences,Diploma in Arts Business Management,N91,"You get to study a range of subjects, such as arts management and financial management and gain industry exposure through volunteering, field trips and real world projects.",https://www.np.edu.sg/hms/Pages/abm.aspx,ELR2B2-B,4 to 8,45
NP,2020,School of Humanities & Social Sciences,Diploma in Chinese Media & Communication,N88,"You will learn how to produce content, such as video and radio production and writing for the media as well as design collaterals and manage events.",https://www.np.edu.sg/hms/Pages/cmc.aspx,ELR2B2-A,5 to 12,45
NP,2020,School of Humanities & Social Sciences,Diploma in Chinese Studies,N70,"You will gain a solid foundation in the Chinese language, culture and history. In Year 2, you can choose from one of three specialisations: Education, Business Chinese or Early Childhood Teaching. You will get to learn about child development, curriculum design, or business communication, translation and cultural heritage tourism, or early childhood education and curriculum planning.",https://www.np.edu.sg/hms/Pages/chs.aspx,ELR2B2-A,7 to 10,45
NP,2020,School of Humanities & Social Sciences,Diploma in Community Development,N11,"You will have a more in-depth understanding of the social service sector and its communities, and be equipped with management and entrepreneurship skills so as to create quality, innovative and sustainable solutions to serve and empower communities. You will develop abilities such as managing individual casework, group facilitation, project and volunteer management and marketing strategies.",https://www.np.edu.sg/hms/Pages/cdt.aspx,ELR2B2-A,4 to 9,75
NP,2020,School of Humanities & Social Sciences,Diploma in Early Childhood Development & Education,N96,"From the first year of study, you will go on weekly attachments at childcare centres, and you get to build your knowledge with foundational modules such as Child Development and Child Safety, Health & Socio-emotional Well-Being.",https://www.np.edu.sg/hms/Pages/ecde.aspx,ELR2B2-A,3 to 17,500
NP,2020,School of Humanities & Social Sciences,Diploma in Tamil Studies with Early Education,N95,"You will be exposed to a range of modules that will equip you with the needed skills and knowledge to work with children. Along with that, you will learn more about the rich Tamil culture while strengthening your abilities to communicate in Tamil effectively.",https://www.np.edu.sg/hms/Pages/tse.aspx,ELR2B2-A,11 to 22,30
NP,2020,School of InfoComm Technology,Common ICT Programme,N98,"You will gain an introduction to the field of IT by understanding the roles, practices and career paths of IT professionals. You will also learn the fundamentals of programming and cyber security, as well as an overview of enterprise information systems that use data analytics for decision making.",https://www.np.edu.sg/ict/Pages/cictp.aspx,ELR2B2-C,5 to 11,100
NP,2020,School of InfoComm Technology,Diploma in Cybersecurity & Digital Forensics,N94,"You will build a strong foundation in basic IT and security and develop skills in the areas of network security, software security and digital forensics in your second year. You will set up secure web servers, develop secure software applications, investigate cybercrimes, perform penetration tests on software, systems and networks, conducting in-depth forensic investigations on digital devices and networks, and analysing malicious software or malware and work on information security projects in our cutting-edge CSF labs in your final year.",https://www.np.edu.sg/ict/Pages/csf.aspx,ELR2B2-C,4 to 8,50
NP,2020,School of InfoComm Technology,Diploma in Financial Informatics,N81,"You will receive a strong foundation of IT knowledge, focusing on coding, databases, computer operating systems and networks as well as Accounting.  You will start building your digital portfolio in your first year, continue your portfolio in your second year and gain real-world experience through an internship in your third year.",https://www.np.edu.sg/ict/Pages/fi.aspx,ELR2B2-C,4 to 12,50
NP,2020,School of InfoComm Technology,Diploma in Immersive Media,N55,"You will receive a broad-based training in design and development of immersive  and interactive media content. Buliding a strong foundational training   through modules such as Applied Design, Interactive Development and Programming. You will learn how to create compelling interactive media content and applications with great user-experience .",https://www.np.edu.sg/ict/Pages/im.aspx,ELR2B2-C,7 to 13,50
NP,2020,School of InfoComm Technology,Diploma in Information Technology,N54,"You will focus on core computing skills in programming, networking, databases, enterprise information systems but can start investigating IT-related topics and developing your digital portfolio in your first year. In your second and third year, you are free to choose from a myriad of electives that suit your interests and passion. In your final year, you will pursue a six-month local or overseas internship, launch your own IT business ideas at our technology hubs or work on a capstone project which will beef up your digital portfolio.",https://www.np.edu.sg/ict/Pages/it.aspx,ELR2B2-C,5 to 12,85
NP,2020,School of Life Sciences & Chemical Technology,Diploma in Biomedical Science,N59,"In year 1, you get to study a range of subjects such as Anatomy & Physiology, Cell Biology & Genetics, Biostatistics, Chemistry and Microbiology whereas in year 2, you are expected to choose one of our two specialisation options which will further build up your knowledge and skills in biomedical sciences. In the final year, students take on Capstone Projects and internships with local or overseas research institutes and healthcare organisations.",https://www.np.edu.sg/lsct/Pages/bms.aspx,ELR2B2-C,3 to 8,90
NP,2020,School of Life Sciences & Chemical Technology,Diploma in Chemical & Biomolecular Engineering,N56,"You get to study a broad range of modules covering chemical processing, biopharmaceutical technology, environment science, engineering and life sciences.",https://www.np.edu.sg/lsct/Pages/cbe.aspx,ELR2B2-C,4 to 11,80
NP,2020,School of Life Sciences & Chemical Technology,Diploma in Environmental & Water Technology,N74,You get to learn about sustainable technologies and solutions for management and mitigation of environmental issues. You will also acquire the skills and knowledge on management and communication of environmental and workplace safety & health issues.,https://www.np.edu.sg/lsct/Pages/ewt.aspx,ELR2B2-C,10 to 14,45
NP,2020,School of Life Sciences & Chemical Technology,Diploma in Landscape Design & Horticulture,N57,"You will develop skills in landscape design, project management and park management. You will study various subjects including plant anatomy, biochemistry, plant pathology, and propagation of plants.",https://www.np.edu.sg/lsct/Pages/ldh.aspx,ELR2B2-D,7 to 15,45
NP,2020,School of Life Sciences & Chemical Technology,Diploma in Pharmaceutical Science,N73,"You will be equipped with the skills and knowledge in pharmaceutical sciences, including drug manufacturing and pharmacology. The course's broad-based training includes an internship and the unique Pharmacy Training Programme, designed to engage you in learning directly from working professionals.",https://www.np.edu.sg/lsct/Pages/pharm.aspx,ELR2B2-C,3 to 9,45
NYP,2019,SCHOOL OF BUSINESS MANAGEMENT,COMMON BUSINESS PROGRAMME,C34,,https://www.nyp.edu.sg/schools/sbm.html,,7 to 17,251
NYP,2019,SCHOOL OF INFORMATION TECHNOLOGY,DIPLOMA IN BUSINESS & FINANCIAL TECHNOLOGY,C35,,https://www.nyp.edu.sg/schools/sit.html,,7 to 15,97
NYP,2019,SCHOOL OF INFORMATION TECHNOLOGY,COMMON ICT PROGRAMME,C36,,https://www.nyp.edu.sg/schools/sit.html,,7 to 17,150
NYP,2019,SCHOOL OF DESIGN,DIPLOMA IN ARCHITECTURE,C38,,https://www.nyp.edu.sg/schools/sdn.html,,10 to 17,60
NYP,2019,SCHOOL OF ENGINEERING,AEROSPACE / ELECTRICAL / ELECTRONICS PROGRAMME,C39,,https://www.nyp.edu.sg/schools/seg.html,,16 to 21,68
NYP,2019,SCHOOL OF ENGINEERING,AEROSPACE / MECHATRONICS PROGRAMME,C40,,https://www.nyp.edu.sg/schools/seg.html,,12 to 26,118
NYP,2019,SCHOOL OF ENGINEERING,DIPLOMA IN ENGINEERING WITH BUSINESS,C41,,https://www.nyp.edu.sg/schools/seg.html,,9 to 18,66
NYP,2019,SCHOOL OF ENGINEERING,COMMON ENGINEERING PROGRAMME,C42,,https://www.nyp.edu.sg/schools/seg.html,,11 to 26,303
NYP,2019,SCHOOL OF INFORMATION TECHNOLOGY,DIPLOMA IN BUSINESS INTELLIGENCE & ANALYTICS,C43,,https://www.nyp.edu.sg/schools/sit.html,,8 to 16,38
NYP,2019,SCHOOL OF CHEMICAL & LIFE SCIENCES,DIPLOMA IN MEDICINAL CHEMISTRY,C45,,https://www.nyp.edu.sg/schools/scl.html,,3 to 11,46
NYP,2019,SCHOOL OF BUSINESS MANAGEMENT,DIPLOMA IN FOOD & BEVERAGE BUSINESS,C46,,https://www.nyp.edu.sg/schools/sbm.html,,4 to 16,71
NYP,2019,SCHOOL OF HEALTH & SOCIAL SCIENCES,DIPLOMA IN SOCIAL SCIENCES (SOCIAL WORK),C47,,https://www.nyp.edu.sg/schools/shss.html,,6 to 10,52
NYP,2019,SCHOOL OF ENGINEERING,DIPLOMA IN ELECTRICAL ENGINEERING WITH ECO-DESIGN,C48,,https://www.nyp.edu.sg/schools/seg.html,,15 to 26,64
NYP,2019,SCHOOL OF CHEMICAL & LIFE SCIENCES,DIPLOMA IN BIOLOGICS & PROCESS TECHNOLOGY,C49,,https://www.nyp.edu.sg/schools/scl.html,,8 to 13,46
NYP,2019,SCHOOL OF ENGINEERING,DIPLOMA IN NANOTECHNOLOGY & MATERIALS SCIENCE,C50,,https://www.nyp.edu.sg/schools/seg.html,,5 to 17,44
NYP,2019,SCHOOL OF ENGINEERING,DIPLOMA IN AERONAUTICAL & AEROSPACE TECHNOLOGY,C51,,https://www.nyp.edu.sg/schools/seg.html,,6 to 15,44
NYP,2019,SCHOOL OF ENGINEERING,DIPLOMA IN AEROSPACE SYSTEMS & MANAGEMENT,C52,,https://www.nyp.edu.sg/schools/seg.html,,10 to 16,44
NYP,2019,SCHOOL OF INFORMATION TECHNOLOGY,DIPLOMA IN CYBER SECURITY & FORENSICS,C54,,https://www.nyp.edu.sg/schools/sit.html,,4 to 7,60
NYP,2019,SCHOOL OF INTERACTIVE & DIGITAL MEDIA,DIPLOMA IN DIGITAL VISUAL EFFECTS,C57,,https://www.nyp.edu.sg/schools/sidm.html,,5 to 16,40
NYP,2019,SCHOOL OF INTERACTIVE & DIGITAL MEDIA,DIPLOMA IN INTERACTION DESIGN,C59,,https://www.nyp.edu.sg/schools/sidm.html,,15 to 19,57
NYP,2019,SCHOOL OF INTERACTIVE & DIGITAL MEDIA,DIPLOMA IN DIGITAL GAME ART & DESIGN,C60,,https://www.nyp.edu.sg/schools/sidm.html,,7 to 14,74
NYP,2019,SCHOOL OF INTERACTIVE & DIGITAL MEDIA,DIPLOMA IN ANIMATION,C61,,https://www.nyp.edu.sg/schools/sidm.html,,6 to 12,85
NYP,2019,SCHOOL OF ENGINEERING,DIPLOMA IN DIGITAL & PRECISION ENGINEERING,C62,,https://www.nyp.edu.sg/schools/seg.html,,14 to 23,66
NYP,2019,SCHOOL OF DESIGN,DIPLOMA IN VISUAL COMMUNICATION,C63,,https://www.nyp.edu.sg/schools/sdn.html,,4 to 11,75
NYP,2019,SCHOOL OF DESIGN,DIPLOMA IN SPATIAL DESIGN,C64,,https://www.nyp.edu.sg/schools/sdn.html,,7 to 17,69
NYP,2019,SCHOOL OF CHEMICAL & LIFE SCIENCES,DIPLOMA IN PHARMACEUTICAL SCIENCES,C65,,https://www.nyp.edu.sg/schools/scl.html,, 8 to 14,80
NYP,2019,SCHOOL OF INTERACTIVE & DIGITAL MEDIA,DIPLOMA IN MOTION GRAPHICS & BROADCAST DESIGN,C66,,https://www.nyp.edu.sg/schools/sidm.html,,7 to 13,49
NYP,2019,SCHOOL OF BUSINESS MANAGEMENT,DIPLOMA IN HOSPITALITY & TOURISM MANAGEMENT,C67,,https://www.nyp.edu.sg/schools/sbm.html,,5 to 14,56
NYP,2019,SCHOOL OF CHEMICAL & LIFE SCIENCES,DIPLOMA IN FOOD SCIENCE & NUTRITION,C69,,https://www.nyp.edu.sg/schools/scl.html,,11 to 14,47
NYP,2019,SCHOOL OF INTERACTIVE & DIGITAL MEDIA,DIPLOMA IN GAME DEVELOPMENT & TECHNOLOGY,C70,,https://www.nyp.edu.sg/schools/sidm.html,,8 to 12,85
NYP,2019,SCHOOL OF ENGINEERING,DIPLOMA IN BIOMEDICAL ENGINEERING,C71,,https://www.nyp.edu.sg/schools/seg.html,,10 to 15,44
NYP,2019,SCHOOL OF HEALTH & SOCIAL SCIENCES,DIPLOMA IN DENTAL HYGIENE & THERAPY,C72,,https://www.nyp.edu.sg/schools/shss.html,,6 to 10,24
NYP,2019,SCHOOL OF CHEMICAL & LIFE SCIENCES,DIPLOMA IN CHEMICAL & PHARMACEUTICAL TECHNOLOGY,C73,,https://www.nyp.edu.sg/schools/scl.html,,13 to 26,121
NYP,2019,SCHOOL OF CHEMICAL & LIFE SCIENCES,DIPLOMA IN MOLECULAR BIOTECHNOLOGY,C74,,https://www.nyp.edu.sg/schools/scl.html,,9 to 18 ,45
NYP,2019,SCHOOL OF ENGINEERING,DIPLOMA IN MULTIMEDIA & INFOCOMM TECHNOLOGY,C75,,https://www.nyp.edu.sg/schools/seg.html,,9 to 16,190
NYP,2019,SCHOOL OF INFORMATION TECHNOLOGY,DIPLOMA IN ENGINEERING INFORMATICS,C80,,https://www.nyp.edu.sg/schools/sit.html,,7 to 19,65
NYP,2019,SCHOOL OF BUSINESS MANAGEMENT,DIPLOMA IN SPORT & WELLNESS MANAGEMENT,C81,,https://www.nyp.edu.sg/schools/sbm.html,,6 to 16,53
NYP,2019,SCHOOL OF DESIGN,DIPLOMA IN INDUSTRIAL DESIGN,C83,,https://www.nyp.edu.sg/schools/sdn.html,,10 to 26,52
NYP,2019,SCHOOL OF INFORMATION TECHNOLOGY,DIPLOMA IN INFORMATION TECHNOLOGY,C85,,https://www.nyp.edu.sg/schools/sit.html,,15 to 23,97
NYP,2019,SCHOOL OF ENGINEERING,DIPLOMA IN MECHATRONICS ENGINEERING,C87,,https://www.nyp.edu.sg/schools/seg.html,,4 to 13,67
NYP,2019,SCHOOL OF ENGINEERING,"DIPLOMA IN ELECTRONICS, COMPUTER & COMMUNICATIONS ENGINEERING",C89,,https://www.nyp.edu.sg/schools/seg.html,,6 to 16,88
NYP,2019,SCHOOL OF BUSINESS MANAGEMENT,DIPLOMA IN MASS MEDIA MANAGEMENT,C93,,https://www.nyp.edu.sg/schools/sbm.html,,3 to 14,56
NYP,2019,SCHOOL OF BUSINESS MANAGEMENT,DIPLOMA IN BUSINESS MANAGEMENT,C94,,https://www.nyp.edu.sg/schools/sbm.html,,5 to 28 ,251
NYP,2019,SCHOOL OF BUSINESS MANAGEMENT,DIPLOMA IN BANKING & FINANCE,C96,,https://www.nyp.edu.sg/schools/sbm.html,,6 to 12,70
NYP,2019,SCHOOL OF HEALTH & SOCIAL SCIENCES,DIPLOMA IN NURSING,C97,,https://www.nyp.edu.sg/schools/shss.html,,9 to 17,810
NYP,2019,SCHOOL OF BUSINESS MANAGEMENT,DIPLOMA IN ACCOUNTANCY & FINANCE,C98,,https://www.nyp.edu.sg/schools/sbm.html,,9 to 19,72
NYP,2019,SCHOOL OF BUSINESS MANAGEMENT,DIPLOMA IN MARKETING,C99,,https://www.nyp.edu.sg/schools/sbm.html,,5 to 17,50
RP,2019,School of InfoComm,Diploma in Information Technology,R12,,https://www.rp.edu.sg/SOI/full-time-diplomas/Details/diploma-in-information-technology,,,
RP,2019,School of InfoComm,Diploma in Business Information Systems,R13,,https://www.rp.edu.sg/SOI/full-time-diplomas/Details/diploma-in-business-information-systems,,,
RP,2019,School of Applied Science,Diploma in Biomedical Science,R14,,https://www.rp.edu.sg/SAS/full-time-diplomas/Details/diploma-in-biomedical-science,,,
RP,2019,School of Applied Science,Diploma in Biotechnology,R16,,https://www.rp.edu.sg/SAS/full-time-diplomas/Details/diploma-in-biotechnology,,,
RP,2019,School of Applied Science,Diploma in Materials Science,R17,,https://www.rp.edu.sg/SAS/full-time-diplomas/Details/diploma-in-materials-science,,,
RP,2019,School of InfoComm,Diploma in Financial Technology,R18,,https://www.rp.edu.sg/SOI/full-time-diplomas/Details/diploma-in-financial-technology,,,
RP,2019,School of Technology for the Arts,Diploma in Media Production & Design,R19,,https://www.rp.edu.sg/STA/full-time-diplomas/Details/diploma-in-media-production-and-design,,,
RP,2019,School of Engineering,Diploma in Supply Chain Management,R21,,https://www.rp.edu.sg/SEG/full-time-diplomas/Details/diploma-in-supply-chain-management,,,
RP,2019,School of Applied Science,Diploma in Pharmaceutical Science,R22,,https://www.rp.edu.sg/SAS/full-time-diplomas/Details/diploma-in-pharmaceutical-science,,,
RP,2019,School of Technology for the Arts,Diploma in Sonic Arts,R24,,https://www.rp.edu.sg/STA/full-time-diplomas/Details/diploma-in-sonic-arts,,,
RP,2019,School of Technology for the Arts,Diploma in Arts & Theatre Management,R25,,https://www.rp.edu.sg/STA/full-time-diplomas/Details/diploma-in-arts-and-theatre-management,,,
RP,2019,"School of Sports, Health and Leisure",Diploma in Sport & Exercise Science,R26,,https://www.rp.edu.sg/Shl/full-time-diplomas/Details/diploma-in-sport-and-exercise-science,,,
RP,2019,School of Hospitality,Diploma in Integrated Events Management,R28,,https://www.rp.edu.sg/Soh/full-time-diplomas/Details/diploma-in-integrated-events-management,,,
RP,2019,School of Applied Science,Diploma in Environmental Science,R29,,https://www.rp.edu.sg/SAS/full-time-diplomas/Details/diploma-in-environmental-science,,,
RP,2019,School of Management and Communication,Diploma in Mass Communication,R32,,https://www.rp.edu.sg/SMC/full-time-diplomas/Details/diploma-in-mass-communication,,,
RP,2019,"School of Sports, Health and Leisure",Diploma in Outdoor & Adventure Learning,R33,,https://www.rp.edu.sg/Shl/full-time-diplomas/Details/diploma-in-outdoor-and-adventure-learning,,,
RP,2019,School of Hospitality,Diploma in Customer Experience Management with Business,R34,,https://www.rp.edu.sg/SOH/full-time-diplomas/Details/diploma-in-customer-experience-management-with-business,,,
RP,2019,School of Technology for the Arts,Diploma in Game Design,R35,,https://www.rp.edu.sg/STA/full-time-diplomas/Details/diploma-in-game-design,,,
RP,2019,School of Technology for the Arts,Diploma in Design for User Experience,R36,,https://www.rp.edu.sg/STA/full-time-diplomas/Details/diploma-in-design-for-user-experience,,,
RP,2019,School of Hospitality,Diploma in Hotel & Hospitality Management,R37,,https://www.rp.edu.sg/Soh/full-time-diplomas/Details/diploma-in-hotel-and-hospitality-management,,,
RP,2019,School of Engineering,Diploma in Aviation Management,R39,,https://www.rp.edu.sg/SEG/full-time-diplomas/Details/diploma-in-aviation-management,,,
RP,2019,School of Engineering,Diploma in Aerospace Engineering,R40,,https://www.rp.edu.sg/SEG/full-time-diplomas/Details/diploma-in-aerospace-engineering,,,
RP,2019,School of Engineering,Diploma in Green Building Energy Management,R41,,https://www.rp.edu.sg/SEG/full-time-diplomas/Details/diploma-in-green-building-energy-management,,,
RP,2019,School of Engineering,Common Engineering Programme,R42,,https://www.rp.edu.sg/SEG/full-time-diplomas/Details/common-engineering-programme,,,
RP,2019,"School of Sports, Health and Leisure",Diploma in Health Management & Promotion,R43,,https://www.rp.edu.sg/Shl/full-time-diplomas/Details/diploma-in-health-management-and-promotion,,,
RP,2019,School of Hospitality,Diploma in Wellness & Hospitality Business,R44,,https://www.rp.edu.sg/Soh/full-time-diplomas/Details/diploma-in-wellness-and-hospitality-business,,,
RP,2019,"School of Sports, Health and Leisure",Diploma in Health Services Management,R45,,https://www.rp.edu.sg/Shl/full-time-diplomas/Details/diploma-in-health-services-management,,,
RP,2019,School of Hospitality,Diploma in Restaurant & Culinary Operations,R46,,https://www.rp.edu.sg/soh/full-time-diplomas/Details/diploma-in-restaurant-and-culinary-operations,,,
RP,2019,School of InfoComm,Diploma in Digital Design & Development,R47,,https://www.rp.edu.sg/SOI/full-time-diplomas/Details/diploma-in-digital-design-and-development,,,
RP,2019,School of Management and Communication,Diploma in Consumer Behaviour & Research,R48,,https://www.rp.edu.sg/SMC/full-time-diplomas/Details/diploma-in-consumer-behaviour-and-research,,,
RP,2019,"School of Sports, Health and Leisure",Diploma in Sport Coaching,R49,,https://www.rp.edu.sg/Shl/full-time-diplomas/Details/diploma-in-sport-coaching,,,
RP,2019,School of Engineering,Diploma in Electrical & Electronic Engineering,R50,,https://www.rp.edu.sg/SEG/full-time-diplomas/Details/diploma-in-electrical-and-electronic-engineering,,,
RP,2019,School of Management and Communication,Diploma in Human Resource Management with Psychology,R52,,https://www.rp.edu.sg/SMC/full-time-diplomas/Details/diploma-in-human-resource-management-with-psychology,,,
RP,2019,School of Applied Science,Diploma in Marine Science & Aquaculture,R53,,https://www.rp.edu.sg/SAS/full-time-diplomas/Details/diploma-in-marine-science-and-aquaculture,,,
RP,2019,School of Engineering,Diploma in Engineering Systems & Management,R54,,https://www.rp.edu.sg/SEG/full-time-diplomas/Details/diploma-in-engineering-systems-and-management,,,
RP,2019,School of InfoComm,Diploma in Infocomm Security Management,R55,,https://www.rp.edu.sg/SOI/full-time-diplomas/Details/diploma-in-infocomm-security-management,,,
RP,2019,School of Engineering,Diploma in Engineering Design with Business,R56,,https://www.rp.edu.sg/SEG/full-time-diplomas/Details/diploma-in-engineering-design-with-business,,,
RP,2019,School of Management and Communication,Common Business Programme,R57,,https://www.rp.edu.sg/SMC/full-time-diplomas/Details/common-business-programme,,,
RP,2019,School of Applied Science,Common Science Programme,R59,,https://www.rp.edu.sg/SAS/full-time-diplomas/Details/common-science-programme,,,
RP,2019,School of Management and Communication,Diploma in Business,R60,,https://www.rp.edu.sg/smc/full-time-diplomas/details/diploma-in-business,,,
TP,2020,School of Humanities & Social Sciences,Diploma in Early Childhood Development & Education,T68,"Get ready to be a part of Singapore’s next generation of early childhood educators. Conducted by the National Institute of Early Childhood Development (NIEC), in collaboration with Temasek Polytechnic at the NIEC (TP) Campus, this course will equip you with the necessary skills and knowledge to excel as an early childhood educator. You’ll gain insight into the complexities of child development while mastering the art of curriculum planning. You’ll also learn how to implement your skills in early childhood settings such as preschools. A practice-oriented approach to learning will see you pick up real-time industry experience as you conduct lessons side-by-side trained early childhood professionals. Graduate with the Diploma in Early Childhood Development & Education (ECDE) in the Visual Arts Track when you choose relevant electives^ in your final year. With your diploma recognised by the Early Childhood Development Agency (ECDA), you’ll be all set to enter the workforce upon your graduation.^ Subject to prevailing terms and conditions",https://www.tp.edu.sg/schools/hss/early-childhood-development-and-education,,,
TP,2020,School of Business,Diploma in Marketing,T67,"The course provides students with a strong foundation in business and key competencies in marketing analytics, consumer insights & integrated marketing communications. Students will have the opportunity to specialise in either Branding & Digital Marketing or E-commerce & Retail Marketing.",http://www.tp.edu.sg/schools/bus/marketing,,,
TP,2020,School of Engineering,Diploma in Mechatronics,T66,"This course begins with a solid foundation in fundamental engineering knowledge and skills, which will then expand into core competency area such as automation, robotics, mechatronics design, programmable logic controllers, electromechanical, pneumatics, vision systems, computer numerical control, sensors integration, microcontroller programming and control engineering. The aims of this course are to produce competent and conscientious Mechatronics technologists who will be able to meet the demands of the industries, and have the ability to acquire knowledge and skills relevant to their profession.",http://www.tp.edu.sg/schools/eng/mechatronics,,,
TP,2020,School of Engineering,Diploma in Electronics,T65,"The course trains young professionals to support continuing growth in the important electronics industry as well as the wide application of electronics across various other industries. It is a structured diploma course that provides broad-based training with specialised electives, covering areas such as analogue and digital applications, software, embedded system control and data analytics to address the growing needs of the industry. With the emergence of industry 4.0 and technologies such as smart systems, robotics, automation, artificial intelligence and the Internet of Things (IoT) in applications related to not only manufacturing but also fields such as aerospace and healthcare, this course will groom professionals who can offer the multi-disciplinary solutions that will be required in today’s new economy.",http://www.tp.edu.sg/schools/eng/electronics,,,
TP,2020,School of Applied Science,Diploma in Medical Biotechnology,T64,"This diploma trains you to play a part in medical doctors’ diagnoses through performing a range of laboratory tests to help identify diseases, and in the research and development that leads to new biological discoveries for improving healthcare and our everyday lives. This course provides detailed knowledge of key concepts in cell technology, molecular analysis, microbiology technology, biochemical analysis, clinical diagnostics, and how these approaches are applied in areas relevant to medical applications such as restoring functions of tissues or organs that are injured or diseased, using stem cells to treat diseases, developing customised treatment to individual patient, performing tests to assist medical doctors’ diagnosis, etc. Not only does this course equip you with broad theoretical knowledge and critical understanding of principles in biotechnology and clinical diagnostics, it also helps you to gain the practical skills required to underpin a career within a research or clinical environment. You will also be exposed to new emerging technologies, such as stem cell therapy, point-of-care diagnostic testing, and personalised medicine research that would transform medicine and revolutionise the healthcare system.",http://www.tp.edu.sg/schools/asc/medical-biotechnology,,,
TP,2020,School of Informatics & IT,Common ICT Programme,T63,The Common ICT Programme provides you with the time you need to learn more about IT fundamentals and the various ICT courses TP offers.The strong foundation you will gain in your first year is also the experience you can tap on to make an informed decision on the path you wish to pursue.,https://www.tp.edu.sg/schools/iit/common-ict-programme,,,
TP,2020,School of Informatics & IT,Diploma in Cybersecurity & Digital Forensics,T62,"The Diploma in Cybersecurity & Digital Forensics trains students with skills to meet the huge demand in industry for cybersecurity and digital forensics professionals in a wide range of business and organisations. With the acute manpower shortages in the cybersecurity workforce, organisations expect their security staff to possess not just the traditional cybersecurity skills, but also incident response and forensic investigation skills.",https://www.tp.edu.sg/schools/iit/cybersecurity-and-digital-forensics,,,
TP,2020,School of Informatics & IT,Diploma in Big Data & Analytics,T60,"This Diploma will help you harness the real power of data analytics and turn you into the go-to person organisations consult to unlock their true potential. With Singapore’s emergence as an international Data and Analytics hub, you will be in the best position to land a rewarding career as a big data professional. ",https://www.tp.edu.sg/schools/iit/big-data-and-analytics,,,
TP,2020,School of Design,Diploma in Communication Design,T59,"The Diploma in Communication Design grooms design professionals who can design and communicate creatively and effectively in the areas of advertising, graphic design, image-making and digital design.The curriculum encompasses design studies in and beyond the area of communication design. Through the rigor of a practice-based curriculum developed with feedback from the creative community, students are constantly challenged to develop strong skills in creative and conceptual thinking, multi-disciplinary capability and technological competency. Essential skills covered include creative ideation, print and publication, digital skills and professional practice. Students are trained in all aspects of graphic design while specialising in one of three specialisations; namely: Branding Design, Image Design and Integrated Communication.",https://www.tp.edu.sg/schools/des/communication-design,,,
TP,2020,School of Informatics & IT,Diploma in Game Design & Development,T58,"The course meets industry demands for professionals with the skills to develop games that would be used in industry for training, teaching, simulations and leisure. The course equips students with foundation skills in computer science, as well as the fundamental skills of game design and game development. The course takes a student-centred approach that encourages students to explore existing and new technologies in depth, and to translate what they learn into the social, workplace, and national contexts. In addition to understanding current technology, the pace of digital game development requires students to be able to learn new skills quickly and independently.",http://www.tp.edu.sg/schools/iit/game-design-and-development-t58,,,
TP,2020,School of Engineering,Common Engineering Programme,T56,The Common Engineering Programme is a common entry point for eight engineering diploma courses at School of Engineering in Temasek Polytechnic. Students select the diploma of your choice during their first year.,http://www.tp.edu.sg/schools/eng/common-engineering-programme,,,
TP,2020,School of Humanities & Social Sciences,Diploma in Social Sciences in Gerontology,T53,"People are living longer these days, and the challenge for our seniors is to stay healthy, engaged and active. This also means that employers need staff with in-depth understanding of ageing to support the demands and aspirations of this sector.You can play a crucial role in helping seniors achieve active ageing by coming up with exciting programmes, initiatives and services to assist their physical, cognitive and socio-emotional well-being.",https://www.tp.edu.sg/schools/hss/social-sciences-in-gerontology,,,
TP,2020,School of Engineering,Diploma in Clean Energy,T52,"With worldwide concerns on the huge impacts of climate change, the adoption of modern technological solutions in sustainable city development has become extremely urgent today. This course aims to equip the students with industry relevant skills in the modern electrification, automation and data analytics. Our graduates will be able to work competently in dynamic sectors related to urban sustainability such as modern electricity, green transportation, smart infrastructure and advanced manufacturing.",http://www.tp.edu.sg/schools/eng/clean-energy,,,
TP,2020,School of Engineering,Diploma in Aerospace Engineering,T51,"The desired outcomes of this course are that gradates should be able to 1. Understand legislation and human factors in the aviation industry, 2. Demonstrate knowledge and skills relevant to common aircraft maintenance, repair and overhaul (MRO) practices and procedures, 3. Demonstrate knowledge and skills required in the MRO of aircraft engine and airframe, 4. Understand and apply fundamental electrical, electronics and mathematics knowledge and skills in basic avionics system, 5. Understand basic aircraft aerodynamics principles, 6. Demonstrate such lifelong skills as problem solving, effective communication skills, team and independent work skills, and adaptability to changing technologies, and 7. Demonstrate positive attitudes such as a desire for continuous upgrading of knowledge and skills, initiative, integrity, and responsibility.",https://www.tp.edu.sg/schools/eng/aerospace-engineering,,,
TP,2020,School of Engineering,Diploma in Aerospace Electronics,T50,"The desired outcomes of the course are that graduates should be able to:1.         Understand aviation legislations, human factors and their impacts on the aviation industry. 2.         Demonstrate knowledge and practical skills relevant to common aircraft maintenance, repair and overhaul (MRO) practices and procedures. 3.         Demonstrate knowledge and skills in relation to the operation of aircraft electrical and avionic systems.4.         Understand and apply fundamental Electrical, Electronics and Mathematics knowledge and skills in avionic systems.5.         Understand basic aircraft aerodynamic principles and its applications in the operation of an aircraft.6.         Demonstrate lifelong skills such as problem solving, effective communication skills, team and independent work skills, and adaptability to changing technologies.7.         Demonstrate positive attitudes such as a desire for continuous upgrading of knowledge and skills, initiative, integrity, and responsibility.",http://www.tp.edu.sg/schools/eng/aerospace-electronics,,,
TP,2020,School of Humanities & Social Sciences,Diploma in Psychology Studies,T48,"This course gives you the perfect platform to delve deep into the human mind and discover what makes people tick. A broad foundation in the study of human behaviour and mental processes will see you learn more about how individuals think, communicate and interact with one another. With a strong focus on people, your curriculum will prepare you for a rewarding career in the social service and special needs education sectors, where psychology concepts are applied to better the lives of many. Flexibility to select electives in your areas of personal interest will also ensure your core skillset is well supplemented when you enter the workforce.",http://www.tp.edu.sg/schools/hss/psychology-studies,,,
TP,2020,School of Applied Science,Diploma in Veterinary Technology,T45,"Achieve your life-long dream of working with animals! This course focuses on establishing a solid foundation in the basic and applied animal sciences, with a strong emphasis on skills-based and hands-on training that will equip you well to work in the veterinary, aquaculture, wildlife conservation and scientific research industries. As the only polytechnic with a licensed animal clinic and the Centre for Aquaculture and Veterinary Science (CAVS), there will be ample opportunities for you to assist in actual procedures in the TP Animal and Wellness Clinic or participate in research projects at CAVS. With our extensive network of industrial training partners and authentic pre-internship on-the-job training at animal hospitals and clinics, this course encourages you to relate academic learning to the relevant work environment and stay abreast with emerging veterinary skills. Choose to hone industry-recognised skills in veterinary practice and research or aquaculture through our final year elective subjects, and get a headstart in your career through our intensive six-month internship programme in relevant animal- or aquaculture-related industries, both locally or overseas.",https://www.tp.edu.sg/schools/asc/veterinary-technology,,,
TP,2020,School of Engineering,Diploma in Business Process & Systems Engineering,T43,"The diploma aims to equip graduates with the knowledge and skills to support the manufacturing and service industries.The program is designed to prepare our students for diverse careers, from opportunities in systems engineering to opportunities in manufacturing, logistics and service oriented industries.",http://www.tp.edu.sg/schools/eng/business-process-and-systems-engineering,,,
TP,2020,School of Business,Diploma in Communications & Media Management,T40,"The course aims to equip students with key skills demanded by the media and media-related industry such as digital content creation and management, journalism and media production. The curriculum incorporates business elements for students to gain holistic insights into media sector business and operations.",http://www.tp.edu.sg/schools/bus/communications-and-media-management,,,
TP,2020,School of Engineering,Diploma in Biomedical Engineering,T38,"The course curriculum was designed and developed to meet the needs of the industry and to be aligned with TP Desired Graduate Profile.The diploma aims to equip graduates with the knowledge and skills to support the biomedical sciences industry in Singapore.The 3-year program is designed to prepare our students for diverse careers, from opportunities in biomedical sciences to opportunities in electronics industries.",http://www.tp.edu.sg/schools/eng/biomedical-engineering,,,
TP,2020,School of Design,Diploma in Product & Industrial Design,T35,"The ability to blend ideation, technology and craftsmanship is a 21st century skill that is very much valued by industry today. The Diploma in Product & Industrial Design's project-driven curriculum places strong emphasis on creating better products and experiences through human-centred design. Underpinning the technical and creative skillsets provided by the course is a strong synergistic partnership with industry. Through many 'live' industry projects with actual clients and real briefs, students are exposed to current industry trends and practices. The TP Product & Industrial Design graduate is highly sought-after by startups and established firms in space-making, consumer electronics, communication, fashion, technology and even in non-traditional sectors such as banks, government agencies and hospitals.",https://www.tp.edu.sg/schools/des/product-and-industrial-design,,,
TP,2020,School of Applied Science,Diploma in Chemical Engineering,T33,"Oil refinery giants, major manufacturers of petrochemicals and specialty chemicals, semiconductor industry and pharmaceutical giants all have a strong presence in Singapore. These companies, rooted in such diverse fields, have one thing in common — they rely on chemical engineers in all aspects of their operations. Chemical engineers are involved in the manufacture of products such as fuel, petrochemicals, cosmetics, plastics, microelectronic chips, processed foods and medicine so that we can enjoy and reap the benefits of scientific discoveries. They hold crucial responsibilities in the process industry such as running plant operations, designing reactors and process equipment, improving efficiency as well as looking into the safety and environmental aspects of processes. This course will equip you with skills and knowledge in chemical process technology, environmental technology and occupational safety and health, so that you will be able operate and optimise manufacturing systems that produces the various products that we use in our daily lives. Moreover, you will be trained in analytical chemistry and laboratory techniques so that you will be well trained to do research and testing for the Chemical and Pharmaceutical Industry. You will have opportunities for local or overseas internships at MNCs and reputable institutions.",http://www.tp.edu.sg/schools/asc/chemical-engineering,,,
TP,2020,School of Informatics & IT,Diploma in Information Technology,T30,"This course helps meet the demand in industry for strong software developers. It emphasises broad-based training with opportunities to develop deep skills through the projects that students undertake. The course encourages students to explore existing and new technologies in depth, and to translate what they learn into the social, workplace, and national contexts. In addition to understanding current technology, the pace of IT development requires students to be able to learn new skills quickly and independently. Besides providing a strong computer science foundation, up-to-date topics in software engineering, object-oriented analysis and design, web-based and enterprise application development, software system security, software testing, communication skills and team work are incorporated into the curriculum to provide students the depth and breadth of knowledge and skills required of IT professionals.",http://www.tp.edu.sg/schools/iit/information-technology,,,
TP,2020,School of Engineering,Diploma in Green Building & Sustainability,T29,"The course will equip students with the fundamental building services knowledge and practical skills to meet the needs of the emerging green building industry locally and globally. The rigorous academic training, conducted by highly qualified professionals such as architects, engineers, project managers and facility managers, will groom competent and industry-ready graduates who will be able to make a mark in the built environment sector, particularly in the areas of Green Building Assessment, Simulation and Modelling as well as Energy Management and Audit.",http://www.tp.edu.sg/schools/eng/green-building-and-sustainability,,,
TP,2020,School of Engineering,Diploma in Integrated Facility Management,T28,"The course team has designed and developed the course curriculum with a balance of industry needs and alignment with the TP Desired Graduate Profile and the International Facility Management Association (IFMA) competencies. This Diploma focuses on bringing students into the multi-disciplinary FM profession by equipping them with Technical and Management Skills to integrate people, place and process in a built environment.In October 2010, the Diploma became the first Diploma in the world to be awarded the International Facility Management Association (IFMA) Foundation Accredited Degree Program – a testimonial of the high standard of our diploma program. The objective is therefore to train a group of Para-professionals who will meet the needs of the Facility Management industry, and who in turn would have a good head start if they were to pursue the certification of an FM Professional, mapping them against the eleven competencies defined by IFMA.",http://www.tp.edu.sg/schools/eng/integrated-facility-management,,,
TP,2020,School of Applied Science,"Diploma in Food, Nutrition & Culinary Science",T26,"What aspects of food really intrigue you? Experimenting with time-honoured recipes of our heritage cuisine to give them an updated healthy makeover? Exploring factors affecting the sensory characteristics of food such as wok hei? The health-promoting, disease-preventing nutrients and non-nutrient compounds? How do food manufacturers produce items with such high quality and consistency time after time?When you undertake this course, you will have opportunities to explore all the areas above....and MORE! With a strong emphasis on hands-on experience to ground you in basic culinary, lab and nutrition assessment skills, to embracing new technologies in our food processing facilities, innovative pedagogies such as problem-based learning and the flipped classroom approach, and industry internships, you are in for some powerful learning! When you graduate, your industry-ready skills will give you a strong edge for careers in nutrition and the food industries.",https://www.tp.edu.sg/schools/asc/food-nutrition-and-culinary-science,,,
TP,2020,School of Applied Science,Diploma in Pharmaceutical Science,T25,"Do you have a passion to safeguard health by making quality drugs and imparting knowledge on the safe use of medicines? If so, this course is for you! You will learn about the effects of medicines on the human body and how they work to cure diseases, and acquire the knowledge and skills required to design, analyse, manufacture and market new therapies.With a rapidly growing ageing population and higher incidence of lifestyle-related illnesses such as Type 2 diabetes and heart diseases, there an increase demand for healthcare services, pharmaceutical and biologic drugs. In addition, with new hospitals, polyclinics and nursing homes in the pipeline, there will also be an unprecedented need for pharmacy technicians and pharmacists in Singapore to work in this industry.This course will build your foundation in chemistry and biology, and equip you with the knowledge and core skills in pharmacy practice, pharmaceutical and biopharmaceutical technologies and analysis. You will learn specialised subjects related to drug action on diseases, medicine legislation and patient counselling to prepare you for work in pharmacies. You will also learn about pharmaceutical manufacturing and bioprocessing technologies and good manufacturing practice. In your third year of study, you can choose to specialize either in the Pharmacy Practice or Pharmaceuticals and Biologics elective cluster, where you will deepen your knowledge in these areas and apply your skills in the relevant fields during the six-month enhanced internship programme. You will be able to take up an internship position at hospitals, retail pharmacies, pharmaceutical manufacturing industry, or QC and research laboratories in Singapore or overseas.",http://www.tp.edu.sg/schools/asc/pharmaceutical-science,,,
TP,2020,School of Design,Diploma in Digital Film & Television,T23,"The Diploma in Digital Film & Television focuses on the development of creative skills in content creation for the motion picture and television mediums. Students are trained to create content that is commercially viable and exportable, in the non-fictional areas of factual and entertainment programmes as well as in fictional films. Subjects cover creative and technical skills and knowledge that are commonly required in the pre and post-production process of video creation. Graduates will be able to conceptualize projects and develop strong stories that will resonate with viewers. The exposure to client-based projects will familiarise them with current industry practices, allowing them to fit seamlessly into production teams upon graduation.",https://www.tp.edu.sg/schools/des/digital-film-and-television,,,
TP,2020,School of Design,Diploma in Interior Architecture & Design,T22,"The Diploma in Interior Architecture & Design trains students to be versatile designers of interior spaces that adapt to people’s needs while considering location, cultural and socio-economic factors. Students are encouraged to explore contemporary social issues and constraints that affect the design of spaces. They will study global trends in lifestyle, culture, sustainability and social change and gain a more holistic perspective of design which will help them provide thoughtful, human-centric and balanced solutions to complex design problems.The course works closely with the industry through ‘live’ collaborative projects, mentorship and internship opportunities. We partner with reputable design studios and clients such as Ong & Ong, SCDA, FARM, DP Architects, DBS, Google Asia, and many more. Study trips, competitions, exchange programmes and a rigorous project-led curriculum will help shape your critical thinking skills and the technical skillsets needed for good design work, and in doing so, prepare you for a successful career in the design field.",https://www.tp.edu.sg/schools/des/interior-architecture-and-design,,,
TP,2020,School of Design,Diploma in Apparel Design & Merchandising,T20,"The Diploma in Apparel Design & Merchandising provides a holistic overview of the fashion industry, giving students broad-based knowledge and fundamental skillsets in the technical aspects of design conceptualisation, garment construction and merchandising before inviting them to specialise in either Fashion Design or Retail Merchandising. Graduates will develop a keen sense of fashion industry trends and be familiar with the business and production processes of the apparel manufacturing industry. Fundamentally strong in broad core technical skills, they also have depth of expertise in a specialized area. The practice-based curriculum ensures that graduates will fit easily into key roles in the fashion industry's production chain, from creative design conceptualisation, technical production to the front end business roles of buying, strategic marketing and branding.",https://www.tp.edu.sg/schools/des/apparel-design-and-merchandising,,,
TP,2020,School of Business,Diploma in Culinary & Catering Management,T18,"This pioneer culinary diploma is offered in collaboration with the reputed Culinary Institute of America (CIA). The course provides students with strong business fundamentals in food & beverage (F&B) before specialising in either Baking & Pastry or Culinary Arts. This prepares them for the F&B industry including hotels, independent restaurants, bars, catering companies, beverage distributors, food and ingredient suppliers and more. ",http://www.tp.edu.sg/schools/bus/culinary-and-catering-management,,,
TP,2020,School of Informatics & IT,Diploma in Financial Business Informatics,T17,"The Diploma in Financial Business Informatics (FBI) was launched to develop professionals to meet the manpower needs of the Information Technology (IT) and Financial Services Industry (FSI). Students in this course undertake a broad-based curriculum in information technology while at the same time deepening their skills in the areas of Fintech and the financial services industry. This enables students to see the link between subjects and enables them to integrate their skills to develop real applications from their first year, within the financial domain.",http://www.tp.edu.sg/schools/iit/financial-business-informatics,,,
TP,2020,School of Engineering,Diploma in Computer Engineering,T13,"The diploma aims to equip students with the knowledge and skills in computer systems, embedded systems, networking, enterprise and web-based development in order to meet the demand for graduates with hardware, software and system integration skills brought about by the rapid growth of the emerging trends such as internet of things, wireless sensor networks and cloud computing, as well as the Smart Nation Initiative in Singapore and beyond.",http://www.tp.edu.sg/schools/eng/computer-engineering,,,
TP,2020,School of Business,Diploma in Business,T10,"This course will enhance students’ competitiveness in today’s ever-changing digitalised and interconnected world through a digitally transformative and broad-based holistic curriculum which is aligned with skills competencies and knowledge across various sectorial Skills Frameworks. Students will attain a firm foundation in business, an international business outlook, cutting-edge digital skills and an entrepreneurial mind-set. Deepening of knowledge and skills will be acquired through the choice of one of four elective clusters: Banking & Finance, Digital Business Innovation, Human Resource Management with Psychology and International Business & Entrepreneurship.",http://www.tp.edu.sg/schools/bus/business,,,
TP,2020,School of Business,Diploma in Law & Management,T09,"The Diploma in Law & Management is the only law related polytechnic diploma in Singapore. With both business management subjects and law subjects, it aims to prepare students to join the legal industry as paralegals, administrators and law office managers.",http://www.tp.edu.sg/schools/bus/law-and-management,,,
TP,2020,School of Business,Diploma in Hospitality & Tourism Management,T08,"The course aims to cultivate in students a service oriented mindset and refine their skills in one of 3 tracks - Hotel & Accommodation, Travel & Tourism, or MICE & Events. Student will be equipped with industry-relevant skills and innovative qualities to meet the challenges of the dynamic hospitality and tourism sector.",http://www.tp.edu.sg/schools/bus/hospitality-and-tourism-management,,,
TP,2020,School of Business,Diploma in Logistics & Operations Management,T07,This pioneer polytechnic course in Logistics provides students with a strong foundation in business studies and specialised training in essential supply chain functions such as freight forwarding operations and supply chain management to meet the challenges in a technology-driven and globalised world.,http://www.tp.edu.sg/schools/bus/logistics-and-operations-management,,,
TP,2020,School of Engineering,Diploma in Aviation Management,T04,"The desired outcomes of the course are that graduates should be able to 1. Synthesize basic aviation knowledge in related aviation domains, 2. Develop and implement aviation operational processes, 3. Manage safety and security in aviation operations, 4. Integrate project management methodology in aviation, 5. Use IT productivity tools to evaluate and enhance aviation operations, 6.Demonstrate effective communication and interpersonal skills in related aviation domains, 7. Apply problem solving and critical thinking skills in aviation related issues, 8. Demonstrate teamwork and dispositions of integrity, resilience, and attention to details, and 9.Display drive for continuous learning, improvement, and knowledge of aviation trends.",https://www.tp.edu.sg/schools/eng/aviation-management,,,
TP,2020,School of Business,Diploma in Accountancy & Finance,T02,The course will provide you with a dual specialisation in both accountancy and finance so that you have more career choices and further education options. You will be equipped with the core business competencies and professional training to excel in high-growth areas in the accounting and financial services industries.,https://www.tp.edu.sg/schools/bus/accountancy-and-finance,,,
TP,2020,School of Business,Common Business Programme,T01,"The Common Business Programme (CBP) is designed to enable students to gain a good understanding of business fundamentals. Students will get to study various core business subjects to discover their strengths, aptitudes, interests and career aspirations before they make an informed decision on their preferred diploma at the end of the first semester.",https://www.tp.edu.sg/schools/bus/common-business-programme,,,
SP,2019,Singapore Maritime Academy,Diploma in Nautical Studies,Apply through EAE/DAE,"SP Diploma in Nautical Studies covers ship operations, navigation, meteorology, maritime communications and more.",https://www.sp.edu.sg/sma/courses/full-time-diplomas/nautical-studies,,,
SP,2019,School Of Computing (SoC),Diploma in Applied AI and Analytics,S30,"SP Diploma in Applied AI and Analytics covers application development, application of AI & analytics algorithims and practical AI implementation.",https://www.sp.edu.sg/soc/courses/full-time-diplomas/data-analytics-and-artificial-intelligence-(ai),,,
SP,2019,School Of Business,Common Business Programme,S31,The Common Business (CBP) program will allow CBP students to go through the same Year 1 curriculum as other School of Business diplomas (i.e. all Year 1 students take same first year modules) before making their decision.,https://www.sp.edu.sg/sb/courses/full-time-diplomas/common-business-programme,,,
SP,2019,School Of Computing (SoC),Common Infocomm Technology Programme,S32,"The CITP is a semester long programme designed to give you a broad introduction to the Infocomm landscape and help you gain insights into the occupations and job roles, career pathways and employment opportunities in the various Infocomm sectors. The CITP will also help you lay a strong foundation in programming and IT fundamentals.",https://www.sp.edu.sg/soc/courses/full-time-diplomas/common-infocomm-technology-programme,,,
SP,2019,"Media, Arts & Design School (MAD)",Diploma in Digital Animation,S35,"SP Diploma in Digital Animation covers both traditional and digital animation skills and techniques, and more.",https://www.sp.edu.sg/mad/courses/full-time-diplomas/digital-animation,,,
SP,2019,School of Chemical & Life Sciences,Diploma in Perfumery & Cosmetic Science,S38,"SP Diploma in Perfumery and Cosmetic Science covers perfumery sensory training, fragrance creation, cosmetic science, marketing and more.",https://www.sp.edu.sg/cls/courses/full-time-diplomas/perfumery-cosmetic-science,,,
SP,2019,School of Digital Media & Infocomm Technology,Diploma in Visual Effects & Motion Graphics,S39,"SP Diploma in Visual Effects and Motion Graphics covers creation and presentation of visual effects, motion graphics, and more.",https://www.sp.edu.sg/mad/courses/full-time-diplomas/visual-effects-motion-graphics,,,
SP,2019,School of Mechanical & Aeronautical Engineering,Common Engineering Programme,S40,Common Engineering Programme provides exposure to multi-disciplinary engineering to aid you in decision-making on an area of specialisation.,https://www.sp.edu.sg/engineering-cluster/mae/courses/common-engineering-programme,,,
SP,2019,"Media, Arts & Design School (MAD)",Diploma in Creative Writing for TV & New Media,S41,"SP Diploma in Creative Writing for TV and New Media covers the writing and producing of TV programmes, new media and more.",https://www.sp.edu.sg/mad/courses/full-time-diplomas/diploma-in-creative-writing-for-tv-and-new-media,,,
SP,2019,School Of Business,Diploma in Engineering with Business,S42,"SP Diploma in Engineering with Business covers engineering principles, technologies and business fundamentals, communication and more.",https://www.sp.edu.sg/engineering-cluster/eee/courses/full-time-diplomas/engineering-with-business,,,
SP,2019,"Media, Arts & Design School (MAD)",Diploma in Applied Drama & Psychology,S43,"SP Diploma in Applied Drama and Psychology covers human psychology, drama programmes, theatre studies, community development and more.",https://www.sp.edu.sg/mad/courses/full-time-diplomas/diploma-in-applied-drama-psychology,,,
SP,2019,School of Chemical & Life Sciences,"Diploma in Nutrition, Health & Wellness",S44,"SP Diploma in Nutrition, Health and Wellness incorporates health, wellness and more, teaching skills to promote well-being to the public.",https://www.sp.edu.sg/cls/courses/full-time-diplomas/nutrition-health-wellness,,,
SP,2019,School of Chemical & Life Sciences,Diploma in Food Science & Technology,S47,"SP Diploma in Food Science and Technology covers food product innovation, quality assurance, marketing, food services and more.",https://www.sp.edu.sg/cls/courses/full-time-diplomas/food-science-technology,,,
SP,2019,School Of Business,Diploma in Human Resource Management with Psychology,S48,"SP Diploma in Human Resource Management with Psychology covers human resource management, psychology, business, IT skills and more.",https://www.sp.edu.sg/sb/courses/full-time-diplomas/human-resource-management-with-psychology,,,
SP,2019,School of Architecture & the Built Environment,Diploma in Integrated Events & Project Management,S50,"SP Diploma in Integrated Events and Project Management covers events creation and branding, marketing and promotion, and more.",https://www.sp.edu.sg/abe/courses/full-time-diplomas/integrated-events-project-management,,,
SP,2019,School of Electrical & Electronic Engineering,Diploma in Computer Engineering,S53,"SP Diploma in Computer Engineering covers development, maintenance, implementation of computer systems and applications and more.",https://www.sp.edu.sg/engineering-cluster/eee/courses/full-time-diplomas/computer-engineering,,,
SP,2019,School Of Computing (SoC),Diploma in Infocomm Security Management,S54,"SP Diploma in Infocomm Security Management covers security threats management, web and systems development, database management and more.",https://www.sp.edu.sg/soc/courses/full-time-diplomas/infocomm-security-management,,,
SP,2019,"Media, Arts & Design School (MAD)",Diploma in Games Design & Development,S56,"SP Diploma in Games Design and Development covers game design and the development process of research, testing, implementation and more.",https://www.sp.edu.sg/mad/courses/full-time-diplomas/game-design-and-development,,,
SP,2019,School of Mechanical & Aeronautical Engineering,Diploma in Bioengineering,S58,"SP Diploma in Bioengineering encompasses mechanical engineering, biomedical engineering, life sciences and more.",https://www.sp.edu.sg/engineering-cluster/mae/courses/full-time-diplomas/bioengineering,,,
SP,2019,Singapore Maritime Academy,Diploma in Marine Engineering,S63,"SP Diploma in Marine Engineering exposes students to the management of sophisticated power plants and service systems on land and sea, and more.",https://www.sp.edu.sg/sma/courses/full-time-diplomas/marine-engineering,,,
SP,2019,School of Chemical & Life Sciences,Diploma in Applied Chemistry,S64,"SP Diploma in Applied Chemistry covers the areas of applying chemistry in forensics, materials, environment and more.",https://www.sp.edu.sg/cls/courses/full-time-diplomas/applied-chemistry,,,
SP,2019,School of Architecture & the Built Environment,Diploma in Architecture,S66,"SP Diploma in Architecture covers architecture theory, materials, design methods, environmental management and sustainability, and more.",https://www.sp.edu.sg/abe/courses/full-time-diplomas/architecture,,,
SP,2019,School of Chemical & Life Sciences,Diploma in Optometry,S67,"SP Diploma in Optometry covers detection of eye diseases, management of binocular vision, the prescription of eyewear and more.",https://www.sp.edu.sg/cls/courses/full-time-diplomas/optometry,,,
SP,2019,School of Architecture & the Built Environment,Diploma in Civil Engineering with Business,S68,SP Diploma in Civil Engineering with Business incorporates civil engineering combined with business studies and more.,https://www.sp.edu.sg/abe/courses/full-time-diplomas/civil-engineering-with-business,,,
SP,2019,School of Digital Media & Infocomm Technology,Diploma in Information Technology,S69,"SP Diploma in Information Technology exposes students to information technology, infocomm, problem-solving, communication skills and more.",https://www.sp.edu.sg/soc/courses/full-time-diplomas/information-technology,,,
SP,2019,School of Chemical & Life Sciences,Diploma in Chemical Engineering,S70,SP Diploma in Chemical Engineering exposes students to chemical engineering principles in the production of chemical products and more.,https://www.sp.edu.sg/cls/courses/full-time-diplomas/chemical-engineering,,,
SP,2019,School Of Business,Diploma in Business Administration,S71,"SP Diploma in Business Administration covers human resource management, international business and trade, marketing and more.",https://www.sp.edu.sg/sb/courses/full-time-diplomas/business-administration,,,
SP,2019,School of Chemical & Life Sciences,Diploma in Biotechnology,S72,"SP Diploma in Biotechnology covers disciplines related to the life sciences such as microbial, plant and animal sciences, and more.",https://www.sp.edu.sg/cls/courses/full-time-diplomas/biotechnology,,,
SP,2019,School of Mechanical & Aeronautical Engineering,Diploma in Mechatronics & Robotics,S73,"SP Diploma in Mechatronics and Robotics covers design and development of robots, automation, micro-electromechanical devices and more.",https://www.sp.edu.sg/engineering-cluster/mae/courses/full-time-diplomas/mechatronics-and-robotics,,,
SP,2019,Singapore Maritime Academy,Diploma in Maritime Business,S74,"SP Diploma in Maritime Business encompasses shore-based maritime management, logistics expertise and more.",https://www.sp.edu.sg/sma/courses/full-time-diplomas/maritime-business,,,
SP,2019,School Of Business,Diploma in Accountancy,S75,"SP Diploma in Accountancy covers accounting, auditing, costing, finance, taxation, banking, system analysis and more.",https://www.sp.edu.sg/sb/courses/full-time-diplomas/DAC,,,
SP,2019,School Of Business,Diploma in Banking & Finance,S76,"SP Diploma in Banking and Financial Services covers the areas of banking knowledge, financial services, fund management and more.",https://www.sp.edu.sg/sb/courses/full-time-diplomas/banking-finance,,,
SP,2019,"Media, Arts & Design School (MAD)",Diploma in Media & Communication,S86,"SP Diploma in Media and Communication covers TV production, journalism, public relations, graphic design, new media, business and more.",https://www.sp.edu.sg/mad/courses/full-time-diplomas/diploma-in-media-and-communication,,,
SP,2019,School of Mechanical & Aeronautical Engineering,Diploma in Aeronautical Engineering,S88,"SP Diploma in Aeronautical Engineering covers design, development and maintenance of aircraft, its modifications and more.",https://www.sp.edu.sg/engineering-cluster/mae/courses/full-time-diplomas/aeronautical-engineering-,,,
SP,2019,School of Architecture & the Built Environment,Diploma in Interior Design,S89,"SP Diploma in Interior Design covers the principles of design and technology, development and presentation of design ideas, and more.",https://www.sp.edu.sg/abe/courses/full-time-diplomas/interior-design,,,
SP,2019,School of Electrical & Electronic Engineering,Diploma in Aerospace Electronics,S90,"SP Diploma in Aerospace Electronics covers aircraft electrical, instrument and radio systems, navigation principles and more.",https://www.sp.edu.sg/engineering-cluster/eee/courses/full-time-diplomas/aerospace-electronics,,,
SP,2019,School of Mechanical & Aeronautical Engineering,Diploma in Mechanical Engineering,S91,"SP Diploma in Mechanical Engineering covers the areas of mechanical technology, precision engineering, resort facilities management and more.",https://www.sp.edu.sg/engineering-cluster/mae/courses/full-time-diplomas/mechanical-engineering,,,
SP,2019,"Media, Arts & Design School (MAD)",Diploma in Experience & Communication Design,S93,"SP Diploma in Experience and Communication Design exposes you to the many facets of experience and communication design -- graphic design advertising, branding, digital photography, illustration, video production and interaction design.",https://www.sp.edu.sg/mad/courses/full-time-diplomas/experience-and-communication-design,,,
SP,2019,School of Architecture & the Built Environment,Diploma in Landscape Architecture,S94,"SP Diploma in Landscape Architecture covers landscape management, landscape design and technology, horticulture, environmental systems and more.",https://www.sp.edu.sg/abe/courses/full-time-diplomas/landscape-architecture,,,
SP,2019,School of Architecture & the Built Environment,Diploma in Facilities Management,S95,"SP Diploma in Hotel and Leisure Facilities Management covers tourism and leisure management, environmental sustainability and more.",https://www.sp.edu.sg/abe/courses/full-time-diplomas/hotel-leisure-facilities-management,,,
SP,2019,"Media, Arts & Design School (MAD)",Diploma in Music & Audio Technology,S97,"SP Diploma in Music and Audio Technology covers creation and production of music and audio, focusing on its integration and more.",https://www.sp.edu.sg/mad/courses/full-time-diplomas/music-audio-technology,,,
SP,2019,School of Chemical & Life Sciences,Diploma in Biomedical Science,S98,"SP Diploma in Biomedical Science covers the areas of biological science, cardiac technology, management and prevention of diseases and more.",https://www.sp.edu.sg/cls/courses/full-time-diplomas/biomedical-science,,,
SP,2019,School of Electrical & Electronic Engineering,Diploma in Electrical & Electronic Engineering,S99,"SP Diploma in Electrical and Electronic Engineering covers aerospace, biomedical, electronic engineering, nano technology and more.",https://www.sp.edu.sg/engineering-cluster/eee/courses/full-time-diplomas/electrical-electronic-engineering,,,
